,Orders,Avg_Size,IS_Total,Delay_Cost,Execution_Cost,Opportunity_Cost,Fixed_Cost,Arrival_Cost_bp,VWAP_Slip_bp,Value_Add_bp,Z_Score
All Brokers,5010,0.04492860629626657,819144.6546906186,9005.064471057874,237153.1253493013,14704.642714570853,3428.949500998004,160.72255798139955,8.93232368837832,-126.47319621140431,-1.400958343927091
Broker A,1005,0.04585553116961153,695730.8557213929,5898.999004975023,189023.3920398012,10364.293532338304,3395.4567164179102,162.5341791589084,14.17469873030374,-127.87088667468235,-1.4739417654433358
Broker B,1026,0.044904903386921026,1014360.4288499024,-267.87329434734306,12801.996101364308,6259.2612085770015,4005.3489278752436,164.32956529927685,6.8639864307073495,-130.28792654760593,-1.5141304236593427
Broker C,966,0.044924595136765555,815520.6687370598,8137.834368530007,260032.4389233952,27674.727743271225,3246.5600414078676,163.60558456540556,1.6998500328867372,-129.24509896858055,-1.418999128604519
Broker D,1001,0.04373820075590836,638424.6843156844,15861.617382617487,230571.1478521479,20191.396603396584,2778.0369630369632,156.7020673584533,6.854142452239452,-122.94606656090718,-1.3417006560367757
Broker E,1012,0.04521341895758413,926003.2954545454,15536.650197628804,497075.835968379,9769.53359683794,3695.77371541502,156.4913708686336,14.782477915468483,-122.06055438944594,-1.2551348806372635
