Broker,Orders,Avg_Size,IS_Total,Delay_Cost,Execution_Cost,Opportunity_Cost,Fixed_Cost,Arrival_bp,VWAP_Slip_bp,Value_Add_bp,Z_Score
Broker A,1005,0.04669615176342828,699209509.9999999,23436651.999999948,659077298.9999999,13283124.999999998,3412434.0,162.5341791589084,14.17469873030374,-132.88571238389005,-1.4979753031528846
Broker B,1026,0.04586942283497274,1040733799.9999998,24878025.99999951,996399800.0000002,15346485.99999999,4109488.0,164.32956529927685,6.8639864307073495,-135.34472752972775,-1.5687601305507974
Broker C,966,0.045767231264076336,787792965.9999998,23372883.999999806,728967682.0,32316223.000000004,3136177.0,163.60558456540556,1.6998500328867372,-134.1284736636194,-1.4591184105220116
Broker D,1001,0.044705966377110655,639063109.0,27006754.99999987,585233495.0000001,24042043.999999978,2780815.0,156.7020673584533,6.854142452239452,-127.80236354580421,-1.3816767055764205
Broker E,1012,0.046260721957113754,937115335.0,31466148.000000387,889130111.9999996,12778951.999999996,3740123.0,156.4913708686336,14.782477915468483,-127.0723302180552,-1.3087058275717987
