a1,a2,a3,a4,b1,MSE,SE
847.7300235786264,0.3495203931438323,0.7993752553833103,0.6475891891209415,0.9208704272714412,591.0076916197287,24.310649757251014
